G.001;CH-EC2-10-T1
G.002;CH-EC2-10-T2
G.003;CH-FF2-10-T1
G.004;CH-FF2-10-T1
G.005;CH-FF2-10-T2
G.006;CH-FF2-10-T2
G.007;CH-FF2-20-T1
G.008;CH-FF2-20-T1
G.009;CH-FF2-20-T2
G.010;CH-FF2-20-T2
G.011;CH-RF2-10-T1
G.012;CH-RF2-10-T1
G.013;CH-RF2-10-T2
G.014;CH-RF2-10-T2
G.015;CH-RF2-20-T1
G.016;CH-RF2-20-T1
G.017;CH-RF2-20-T2
G.018;CH-RF2-20-T2
G.019;CH-RF2-20-T3
G.020;CH-RF2-20-T3
G.021;CH-RF2-20-T4
G.022;CH-RF2-20-T4
G.023;CH-RF2-30-T1
G.024;CH-FF2-25-T2
G.025;CH-RF2-30-T2
G.026;CH-FF2-25-T1
G.027;CH-RF2-30-T3
G.028;CH-RF2-30-T3
G.029;CH-RF2-30-T4
G.030;CH-RF2-30-T4
G.031;CH-WH2 L-10-T1
G.032;CH-WH2 L-10-T1
G.033;CH-WH2 R-10-T1
G.034;CH-WH2 R-10-T1
G.035;CH-WH2 L-20-T1
G.036;CH-WH2 L-20-T1
G.037;CH-WH2 R-20-T1
G.038;CH-WH2 R-20-T1
G.039;CH-BS L-20-T1
G.040;CH-BS L-20-T2
G.041;CH-BS L-20-T2
G.042;CH-BS L-20-T3
G.043;CH-BS L-20-T3
G.044;CH-BS L-20-T4
G.045;CH-BS R-20-T1
G.046;CH-BS R-20-T1
G.047;CH-BS R-20-T2
G.048;CH-BS R-20-T3
G.049;CH-BS R-20-T4
G.050;CH-BS R-20-T4
G.051;CH-BS L-40-T1
G.052;CH-BS L-40-T1
G.053;CH-BS L-40-T2
G.054;CH-BS R-40-T1
G.055;CH-BS R-40-T1
G.056;CH-BS R-40-T2
G.057;CH-OTR L-10-T1
G.058;CH-OTR L-10-T1
G.059;CH-OTR L-10-T2
G.060;CH-OTR L-10-T2
G.061;CH-OTR R-10-T1
G.062;CH-OTR R-10-T1
G.063;CH-OTR R-10-T2
G.064;CH-OTR R-10-T2
G.065;CH-UB-20-T1
G.066;CH-UB-20-T1
G.067;CH-UB-20-T2
G.068;CH-UB-20-T3
G.069;CH-UB-20-T3
G.070;CH-UB-20-T4
G.071;CH-UB-40-T1
G.072;CH-UB-40-T1
G.073;CH-UB-40-T2
G.074;CH-UB-40-T2
G.075;CH-UB-90-T1
G.076;CH-UB-90-T2
G.077;CH-UB-90-T1
G.078;CH-UB-90-T2
G.079;CH-UB-90-T4
G.080;CH-UB-90-T3
G.081;CH-UB-90-T4
G.082;CH-UB-90-T3
G.083;CH-UB-100-T1
G.084;CH-UB-100-T1
G.085;CH-UB-100-T2
G.086;CH-UB-100-T2
G.087;CH-UB-100-T3
G.088;CH-UB-100-T3
G.089;CH-UB-100-T4
G.090;CH-UB-100-T4
G.091;CH-UB-110-T1
G.092;CH-UB-110-T1
G.093;CH-UB-110-T2
G.094;CH-UB-110-T2
G.095;CH-UB-110-T3
G.096;CH-UB-110-T3
G.097;CH-UB-110-T4
G.098;CH-UB-110-T4
G.099;CH-UB-120-T1
G.100;CH-UB-120-T1
G.101;CH-UB-120-T2
G.102;CH-UB-120-T2
G.103;CH-MB-180-T1
G.104;CH-MB-180-T1
G.105;CH-MB-180-T2
G.106;CH-MB-180-T3
G.107;CH-MB-180-T3
G.108;CH-MB-180-T4
G.109;CH-MB-180-T4
G.110;CH-MB-180-T5
G.111;CH-MB-180-T6
G.112;CH-MB-180-T6
G.113;CH-MB-200-T1
G.114;CH-MB-200-T2
G.115;CH-MB-200-T2
G.116;CH-MB-200-T3
G.117;CH-MB-200-T3
G.118;CH-MB-200-T4
G.119;CH-MB-200-T5
G.120;CH-MB-200-T5
G.121;CH-MB-200-T6
G.122;CH-MB-200-T6
G.123;CH-MB-220-T1
G.124;CH-MB-220-T1
G.125;CH-MB-220-T2
G.126;CH-MB-220-T2
G.127;CH-MB-230-T1
G.128;CH-MB-230-T1
G.129;CH-MB-230-T2
G.130;CH-MB-230-T3
G.131;CH-MB-230-T3
G.132;CH-MB-230-T4
G.133;CH-FF2-25-T2
G.134;CH-FF2-25-T1
G.153;GW-EC2-15-T3
G.154;GW-EC2-15-T3
G.155;GW-EC2-10-T4
G.156;GW-EC2-10-T4
G.157;GW-EC2-15-T1
G.158;GW-EC2-10-T2
G.159;GW-EC2-20-T1
G.160;GW-EC2-20-T1
G.161;GW-EC2-20-T2
G.162;GW-EC2-20-T2
G.163;GW-EC2-30-T1
G.164;GW-EC2-30-T1
G.165;GW-EC2-30-T2
G.166;GW-EC2-30-T2
G.167;GW-EC2-30-T3
G.168;GW-EC2-30-T4
G.169;GW-EC2-40-T3
G.170;GW-EC2-40-T3
G.172;GW-EC2-40-T2
G.174;GW-EC2-40-T3
G.175;GW-EC2-40-T4
G.176;GW-EC2-40-T4
G.177;GW-EC2-50-T1
G.178;GW-EC2-50-T1
G.179;GW-EC2-50-T2
G.180;GW-EC2-50-T2
G.181;GW-HL-10-T1
G.181;GW-MB-190-T3
G.182;GW-HL-10-T1
G.182;GW-MB-190-T3
G.183;GW-HL-15-T1
G.183;GW-MB-190-T4
G.184;GW-HL-15-T1
G.184;GW-MB-190-T4
G.185;GW-DSH1-10-T1
G.186;GW-DSH1-10-T2
G.187;GW-FR WH 1-10-T1
G.188;GW-FR WH 1-10-T1
G.190;GW-FR WH 1-15-T2
G.191;GW-EC1-10-T1
G.192;GW-EC1-10-T1
G.193;GW-EC1-10-T2
G.194;GW-EC1-10-T2
G.195;GW-EC1-20-T3
G.196;GW-EC1-20-T3
G.197;GW-EC1-20-T4
G.198;GW-EC1-20-T4
G.199;GW-EC1-20-T1
G.200;GW-EC1-20-T1
G.201;GW-EC1-20-T2
G.202;GW-EC1-20-T2
G.203;GW-EC1-30-T3
G.204;GW-EC1-30-T4
G.205;GW-EC1-30-T1
G.206;GW-EC1-30-T1
G.207;GW-EC1-30-T2
G.208;GW-EC1-30-T2
G.209;GW-EC1-30-T5
G.210;GW-EC1-30-T5
G.211;GW-EC1-30-T6
G.212;GW-EC1-30-T6
G.213;GW-FF1-10-T2
G.214;GW-FF1-10-T1
G.215;GW-FF1-20-T2
G.216;GW-FF1-20-T1
G.217;GW-FF2-10-T1
G.218;GW-FF2-10-T1
G.219;GW-FF2-10-T2
G.220;GW-FF2-10-T2
G.221;GW-FF2-20-T1
G.222;GW-FF2-20-T1
G.223;GW-FF2-20-T2
G.224;GW-FF2-20-T2
G.225;GW-FF2-40-T1
G.226;GW-FF2-40-T1
G.227;GW-FF2-40-T2
G.228;GW-FF2-40-T2
G.229;GW-FF2-40-T3
G.230;GW-FF2-40-T4
G.231;GW-FF2-30-T1
G.232;GW-FF2-30-T2
G.235;GW-RF1-20-T3
G.236;GW-RF1-20-T1
G.237;GW-RF1-20-T4
G.238;GW-RF1-20-T2
G.239;GW-RF1-20-T3
G.240;GW-RF1-20-T1
G.241;GW-RF1-20-T4
G.242;GW-RF1-20-T2
G.243;GW-RF1-30-T3
G.244;GW-RF1-30-T4
G.245;GW-RF1-30-T1
G.246;GW-RF1-30-T1
G.247;GW-RF1-30-T2
G.248;GW-RF1-30-T2
G.249;GW-RF1-50-T1
G.250;GW-RF1-50-T1
G.251;GW-RF1-50-T2
G.252;GW-RF1-50-T2
G.253;GW-RF1-50-T3
G.254;GW-RF1-50-T4
G.255;GW-RF1-60-T1
G.256;GW-RF1-60-T1
G.257;GW-RF1-60-T2
G.258;GW-RF1-60-T2
G.259;GW-RF1-40-T1
G.260;GW-RF1-40-T1
G.261;GW-RF1-40-T2
G.262;GW-RF1-40-T2
G.263;GW-RF1-40-T3
G.264;GW-RF1-40-T4
G.265;GW-INR L-10-T1
G.266;GW-INR L-10-T1
G.267;GW-INR R-10-T1
G.268;GW-INR R-10-T1
G.269;GW-WH L-40-T1
G.270;GW-WH L-40-T1
G.271;GW-WH R-40-T1
G.272;GW-WH R-40-T1
G.273;GW-WH L-60-T1
G.274;GW-WH L-60-T1
G.275;GW-WH L-60-T2
G.276;GW-WH R-60-T1
G.277;GW-WH R-60-T1
G.278;GW-WH R-60-T2
G.279;GW-OTR L-10-T1
G.280;GW-OTR L-10-T1
G.281;GW-OTR L-10-T2
G.282;GW-OTR L-10-T2
G.283;GW-OTR R-10-T1
G.284;GW-OTR R-10-T1
G.285;GW-OTR R-10-T2
G.286;GW-OTR R-10-T2
G.287;GW-OTR L-20-T1
G.288;GW-OTR L-20-T1
G.289;GW-OTR R-20-T1
G.290;GW-OTR R-20-T1
G.291;GW-BS L-10-T4
G.292;GW-BS L-10-T4
G.293;GW-BS L-10-T4
G.294;GW-BS L-10-T3
G.295;GW-BS L-10-T5
G.295;GW-MB-100-W032-T3
G.296;GW-BS L-10-T3
G.297;GW-BS L-10-T5
G.298;GW-BS L-10-T1
G.299;GW-BS L-10-T3
G.300;GW-BS R-10-T3
G.301;GW-BS R-10-T4
G.302;GW-BS R-10-T3
G.303;GW-BS R-10-T1
G.304;GW-BS R-10-T1
G.305;GW-BS R-10-T2
G.306;GW-BS R-10-T3
G.307;GW-BS R-10-T4
G.308;GW-BS R-10-T
G.309;GW-BS L-20-T1
G.310;GW-BS L-20-T1
G.311;GW-BS L-20-T2
G.312;GW-BS L-20-T5
G.313;GW-BS L-20-T3
G.314;GW-BS L-20-T4
G.315;GW-BS L-20-T5
G.316;GW-BS L-20-T2
G.319;GW-BS R-20-T2
G.320;GW-BS R-20-T1
G.321;GW-BS R-20-T3
G.322;GW-BS R-20-T3
G.323;GW-BS R-20-T5
G.324;GW-BS R-20-T4
G.326;GW-BS R-20-T4
G.327;GW-BS R-20-T1
G.329;GW-BS L-30-T1
G.330;GW-BS L-30-T2
G.331;GW-BS L-30-T5
G.332;GW-BS L-30-T5
G.335;GW-BS L-30-T3
G.336;GW-BS L-30-T3
G.338;GW-BS L-40-T2
G.339;GW-BS L-40-T2
G.340;GW-BS L-40-T1
G.341;GW-BS L-40-T3
G.342;GW-BS L-40-T3
G.343;GW-BS L-40-T4
G.344;GW-BS R-30-T5
G.345;GW-BS R-30-T5
G.346;GW-BS R-30-T1
G.349;GW-BS R-30-T3
G.350;GW-BS R-30-T2
G.351;GW-BS R-30-T3
G.353;GW-BS R-40-T2
G.354;GW-BS R-40-T2
G.355;GW-BS R-40-T3
G.356;GW-BS R-40-T3
G.357;GW-BS R-40-T1
G.358;GW-BS R-40-T4
G.359;GW-WH L-10-T1
G.360;GW-WH L-10-T1
G.361;GW-WH R-10-T1
G.362;GW-WH R-10-T1
G.363;GW-WH L-30-T1
G.364;GW-WH L-30-T1
G.365;GW-WH R-30-T1
G.366;GW-WH R-30-T1
G.367;GW-WH L-50-T1
G.368;GW-WH L-50-T1
G.369;GW-WH R-50-T1
G.370;GW-WH R-50-T1
G.371;GW-WD L-10-T1
G.372;GW-WD R-10-T1
G.373;GW-WH L-50-T2
G.374;GW-WH L-50-T2
G.375;GW-WH R-50-T2
G.376;GW-WH R-50-T2
G.377;GW-INR+WH L-10-T1
G.378;GW-INR+WH L-10-T1
G.379;GW-INR+WH R-10-T1
G.380;GW-INR+WH R-10-T1
G.382;GW-UB-20-T1
G.383;GW-UB-20-T1
G.384;GW-UB-20-T2
G.385;GW-UB-20-T3
G.386;GW-UB-20-T3
G.388;GW-UB-20-T4
G.389;GW-UB-40-T1
G.390;GW-UB-40-T1
G.391;GW-UB-40-T2
G.392;GW-UB-40-T3
G.393;GW-UB-40-T3
G.394;GW-UB-40-T2
G.395;GW-UB-60-T1
G.397;GW-UB-60-T1
G.398;GW-UB-60-T2
G.400;GW-UB-60-T2
G.401;GW-UB-70-T3
G.402;GW-UB-70-T2
G.404;GW-UB-70-T6
G.405;GW-UB-70-T5
G.407;GW-UB-80-T1
G.408;GW-UB-80-T2
G.409;GW-MB-100-W032-T3
G.410;GW-MB-100-W032L-T4
G.411;GW-MB-100-W032L-T4
G.413;GW-MB-100-W032L-T5
G.416;GW-MB-110-T6
G.418;GW-MB-100-W032R-T2
G.419;GW-MB-100-W032R-T2
G.421;GW-MB-100-W032R-T1
G.424;GW-MB-110-T6
G.425;GW-MB-110-W032R-T2
G.426;GW-MB-110-W032R-T2
G.427;GW-MB-110-W032R-T1
G.429;GW-MB-190-T1
G.431;GW-MB-110-W032-T3
G.433;GW-MB-110-W032L-T4
G.434;GW-MB-110-W032L-T4
G.435;GW-MB-110-W032L-T5
G.437;GW-MB-190-T2
G.438;GW-MB-110-W032-T3
G.441;GW-MB-150-T2
G.442;GW-MB-150-T5
G.443;GW-MB-150-T5
G.444;GW-MB-150-T1
G.445;GW-MB-150-T4
G.446;GW-MB-150-T3
G.447;GW-MB-180-T3
G.448;GW-MB-180-T4
G.449;GW-MB-180-T3
G.450;GW-MB-180-T1
G.451;GW-MB-180-T2
G.452;GW-MB-180-T1
G.453;GW-MB-100-T6
G.454;GW-MB-100-T6
G.455;GW-MB-200-T3
G.456;GW-MB-200-T4
G.457;GW-MB-200-T1
G.458;GW-MB-200-T2
G.472;GW-UB-70-T1
G.473;GW-UB-70-T4
G.474;CA-FF1-20-T1
G.475;CA-FF1-20-T4
G.476;CA-HL L-10-T1
G.477;CA-HL R-10-T1
G.478;CA-WH L-40-T1
G.479;CA-WH R-40-T1
G.480;CA-WH L-20-T1
G.481;CA-WH L-20-T1
G.482;CA-WH R-20-T1
G.483;CA-WH R-20-T1
G.484;CA-FF1-20-T2
G.485;CA-FF1-20-T3
G.486;CA-WH L-40-T1
G.487;CA-WH R-40-T1
G.488;CA-FF1-10-T1
G.489;CA-FF1-10-T2
G.490;CA-FF1-30-T1
G.491;CA-FF1-10-T1
G.492;CA-FF1-10-T2
G.493;CA-FF1-30-T2
G.494;CA-FF1-20-T1
G.495;CA-WH L-30-T1
G.496;CA-WH R-30-T1
G.497;CA-FF1-20-T2
G.498;CA-FF1-20-T3
G.499;CA-WH L-30-T1
G.500;CA-WH R-30-T1
G.501;CA-EC1-20-T4
G.502;CA-EC1-20-T3
G.503;CA-EC1-10-T1
G.504;CA-EC1-15-T2
G.505;CA-EC1-20-T1
G.506;CA-EC1-20-T2
G.507;CA-EC1-30-T1
G.508;CA-EC1-30-T2
G.509;CA-EC1-20-T4
G.510;CA-EC1-10-T1
G.511;CA-EC1-15-T2
G.512;CA-EC1-30-T1
G.513;CA-EC1-30-T2
G.514;CA-RF1-30-T2
G.515;CA-RF1-30-T4
G.516;CA-RF1-10-T1
G.517;CA-RF1-10-T2
G.518;CA-RF1-30-T1
G.519;CA-RF1-30-T3
G.520;CA-RF1-50-T3
G.521;CA-RF1-50-T4
G.522;CA-RF1-40-T1
G.523;CA-RF1-40-T4
G.524;CA-RF1-30-T1
G.525;CA-RF1-30-T3
G.526;CA-RF1-30-T2
G.527;CA-RF1-30-T4
G.528;CA-RF1-40-T1
G.529;CA-RF1-40-T4
G.530;CA-RF1-50-T3
G.531;CA-RF1-50-T4
G.532;CA-RF1-40-T2
G.533;CA-RF1-40-T3
G.534;CA-RF1-60-T1
G.535;CA-RF1-60-T2
G.536;CA-RF1-50-T1
G.537;CA-RF1-50-T2
G.538;CA-RF1-20-T1
G.539;CA-RF1-20-T2
G.540;CA-RF1-20-T1
G.541;CA-RF1-20-T2
G.542;CA-RF1-60-T1
G.543;CA-RF1-60-T2
G.544;CA-EC1-20-T1
G.545;CA-EC1-20-T2
G.546;CA-BS L-20-T1
G.547;CA-BS L-30-T1
G.548;CA-BS R-20-T1
G.549;CA-BS R-30-T1
G.550;CA-BS L-20-T2
G.551;CA-BS L-20-T3
G.552;CA-BS R-20-T3
G.553;CA-BS R-20-T4
G.554;CA-BS L-10-T4
G.555;CA-BS L-20-T1
G.556;CA-BS R-10-T4
G.557;CA-BS R-20-T1
G.558;CA-BS L-10-T5
G.559;CA-BS R-10-T6
G.560;CA-BS L-20-T4
G.561;CA-BS R-20-T2
G.562;CA-BS L-20-T2
G.563;CA-BS L-20-T4
G.564;CA-BS L-30-T2
G.565;CA-BS R-20-T2
G.566;CA-BS R-20-T4
G.567;CA-BS R-30-T2
G.570;CA-BS L-10-T4
G.571;CA-BS R-10-T4
G.572;CA-BS L-10-T6
G.573;CA-BS R-10-T5
G.574;CA-UB-20-T1
G.575;CA-UB-20-T2
G.576;CA-UB-20-T3
G.577;CA-UB-20-T4
G.578;CA-BS L-30-T2
G.579;CA-BS L-10-T5
G.580;CA-UB-20-T1
G.581;CA-UB-20-T2
G.582;CA-UB-20-T3
G.583;CA-UB-20-T4
G.584;CA-BS L-10-T1
G.585;CA-BS L-10-T2
G.586;CA-BS L-10-T3
G.587;CA-BS R-10-T1
G.588;CA-BS R-10-T2
G.589;CA-BS R-10-T3
G.590;CA-UB-30-T1
G.591;CA-UB-30-T2
G.592;CA-MB-80-T1
G.593;CA-MB-80-T2
G.594;CA-MB-80-T3
G.595;CA-MB-160-T3
G.596;CA-MB-160-T4
G.597;CA-MB-80-T1
G.598;CA-MB-60-T1
G.599;CA-MB-60-T4
G.600;CA-MB-110-T3
G.601;CA-MB-110-T4
G.602;CA-MB-80-T4
G.603;CA-MB-80-T5
G.604;CA-MB-160-T5
G.605;CA-MB-160-T6
G.606;CA-MB-60-T5
G.607;CA-MB-60-T6
G.608;CA-MB-60-T2
G.609;CA-MB-60-T3
G.610;CA-MB-160-T1
G.611;CA-MB-160-T2
G.612;CA-MB-110-T1
G.613;CA-MB-110-T2
G.614;CA-MB-60-T1
G.615;CA-MB-60-T4
G.616;CA-MB-80-T4
G.617;CA-MB-80-T5
G.618;CA-UB-40-T1
G.619;CA-UB-40-T2
G.620;CA-UB-30-T1
G.621;CA-UB-30-T2
G.622;CA-MB-160-T1
G.623;CA-MB-160-T2
G.624;CA-UB-40-T1
G.625;CA-UB-40-T2
G.626;CA-MB-60-T5
G.627;CA-MB-60-T6
G.628;CA-MB-160-T7
G.629;CA-MB-160-T8
G.640;GW-EC1-20
G.641;GW-EC1-20
