CH-EC2-10-T1;CH-EC2-10
CH-EC2-10-T2;CH-EC2-10
CH-FF2-10-T1;CH-FF2-10
CH-FF2-10-T2;CH-FF2-10
CH-FF2-20-T1;CH-FF2-20
CH-FF2-20-T2;CH-FF2-20
CH-FF2-25-T1;CH-FF2-25
CH-FF2-25-T2;CH-FF2-25
CH-RF2-10-T1;CH-RF2-10
CH-RF2-10-T2;CH-RF2-10
CH-RF2-20-T1;CH-RF2-20
CH-RF2-20-T2;CH-RF2-20
CH-RF2-20-T3;CH-RF2-20
CH-RF2-20-T4;CH-RF2-20
CH-RF2-30-T1;CH-RF2-30
CH-RF2-30-T2;CH-RF2-30
CH-RF2-30-T3;CH-RF2-30
CH-RF2-30-T4;CH-RF2-30
CH-WH2 L-10-T1;CH-WH2 L-10
CH-WH2 R-10-T1;CH-WH2 R-10
CH-WH2 L-20-T1;CH-WH2 L-20
CH-WH2 R-20-T1;CH-WH2 R-20
CH-BS L-20-T1;CH-BS L-20
CH-BS L-20-T2;CH-BS L-20
CH-BS L-20-T3;CH-BS L-20
CH-BS L-20-T4;CH-BS L-20
CH-BS R-20-T1;CH-BS R-20
CH-BS R-20-T2;CH-BS R-20
CH-BS R-20-T3;CH-BS R-20
CH-BS R-20-T4;CH-BS R-20
CH-BS L-40-T1;CH-BS L-40
CH-BS L-40-T2;CH-BS L-40
CH-BS R-40-T1;CH-BS R-40
CH-BS R-40-T2;CH-BS R-40
CH-OTR L-10-T1;CH-OTR L-10
CH-OTR L-10-T2;CH-OTR L-10
CH-OTR R-10-T1;CH-OTR R-10
CH-OTR R-10-T2;CH-OTR R-10
CH-UB-20-T1;CH-UB-20
CH-UB-20-T2;CH-UB-20
CH-UB-20-T3;CH-UB-20
CH-UB-20-T4;CH-UB-20
CH-UB-40-T1;CH-UB-40
CH-UB-40-T2;CH-UB-40
CH-UB-90-T1;CH-UB-90
CH-UB-90-T2;CH-UB-90
CH-UB-90-T3;CH-UB-90
CH-UB-90-T4;CH-UB-90
CH-UB-100-T1;CH-UB-100
CH-UB-100-T2;CH-UB-100
CH-UB-100-T3;CH-UB-100
CH-UB-100-T4;CH-UB-100
CH-UB-110-T1;CH-UB-110
CH-UB-110-T2;CH-UB-110
CH-UB-110-T3;CH-UB-110
CH-UB-110-T4;CH-UB-110
CH-UB-120-T1;CH-UB-120
CH-UB-120-T2;CH-UB-120
CH-MB-200-T1;CH-MB-200
CH-MB-200-T3;CH-MB-200
CH-MB-200-T4;CH-MB-200
CH-MB-200-T6;CH-MB-200
CH-MB-230-T2;CH-MB-230
CH-MB-230-T4;CH-MB-230
CH-MB-180-T1;CH-MB-180
CH-MB-180-T2;CH-MB-180
CH-MB-180-T3;CH-MB-180
CH-MB-180-T4;CH-MB-180
CH-MB-180-T5;CH-MB-180
CH-MB-180-T6;CH-MB-180
CH-MB-200-T2;CH-MB-200
CH-MB-200-T5;CH-MB-200
CH-MB-220-T1;CH-MB-220
CH-MB-220-T2;CH-MB-220
CH-MB-230-T1;CH-MB-230
CH-MB-230-T3;CH-MB-230
GW-EC2-50-T1;GW-EC2-50
GW-EC2-50-T2;GW-EC2-50
GW-HL-20-T1;GW-HL-10
GW-HL-10-T1;GW-HL-10
GW-DSH1-10-T1;GW-DSH1-10
GW-DSH1-10-T2;GW-DSH1-10
GW-FR WH 1-10-T1;GW-FR WH 1-10
GW-FR WH 1-15-T2;GW-FR WH 1-15
GW-EC1-10-T1;GW-EC1-10
GW-EC1-10-T2;GW-EC1-10
GW-EC1-20-T1;GW-EC1-20
GW-EC1-20-T2;GW-EC1-20
GW-EC1-20-T3;GW-EC1-20
GW-EC1-20-T4;GW-EC1-20
GW-EC1-30-T1;GW-EC1-30
GW-EC1-30-T2;GW-EC1-30
GW-EC1-30-T3;GW-EC1-30
GW-EC1-30-T4;GW-EC1-30
GW-EC1-30-T5;GW-EC1-30
GW-EC1-30-T6;GW-EC1-30
GW-RF1-10-T1;GW-RF1-10
GW-RF1-10-T2;GW-RF1-10
GW-RF1-20-T1;GW-RF1-20
GW-RF1-20-T2;GW-RF1-20
GW-RF1-20-T3;GW-RF1-20
GW-RF1-20-T4;GW-RF1-20
GW-RF1-30-T1;GW-RF1-30
GW-RF1-30-T2;GW-RF1-30
GW-RF1-30-T3;GW-RF1-30
GW-RF1-30-T4;GW-RF1-30
GW-RF1-40-T1;GW-RF1-40
GW-RF1-40-T2;GW-RF1-40
GW-RF1-40-T3;GW-RF1-40
GW-RF1-40-T4;GW-RF1-40
GW-RF1-50-T1;GW-RF1-50
GW-RF1-50-T2;GW-RF1-50
GW-RF1-50-T3;GW-RF1-50
GW-RF1-50-T4;GW-RF1-50
GW-RF1-60-T1;GW-RF1-60
GW-RF1-60-T2;GW-RF1-60
GW-WH L-10-T1;GW-WH L-10
GW-WH R-10-T1;GW-WH R-10
GW-WH L-30-T1;GW-WH L-30
GW-WH R-30-T1;GW-WH R-30
GW-WH L-50-T1;GW-WH L-50
GW-WH R-50-T1;GW-WH R-50
GW-WH L-40-T1;GW-WH L-40
GW-WH R-40-T1;GW-WH R-40
GW-WH L-60-T1;GW-WH L-60
GW-WH L-60-T2;GW-WH L-60
GW-WH R-60-T1;GW-WH R-60
GW-WH R-60-T2;GW-WH R-60
GW-WD R-10-T1;GW-WD R-10
GW-WH L-70-T1;GW-WH L-50
GW-WH R-70-T1;GW-WH R-50
GW-UB-60-T1;GW-UB-60
GW-UB-60-T2;GW-UB-60
GW-UB-70-T1;GW-UB-70
GW-UB-70-T2;GW-UB-70
GW-UB-70-T3;GW-UB-70
GW-UB-70-T4;GW-UB-70
GW-UB-70-T5;GW-UB-70
GW-UB-70-T6;GW-UB-70
GW-UB-80-T1;GW-UB-80
GW-UB-80-T2;GW-UB-80
GW-MB-150-T4;GW-MB-150
GW-MB-150-T3;GW-MB-150
GW-MB-150-T5;GW-MB-150
GW-MB-180-T1;GW-MB-180
GW-MB-180-T2;GW-MB-180
GW-MB-180-T3;GW-MB-180
GW-MB-180-T4;GW-MB-180
GW-MB-190-T3;GW-MB-190
GW-MB-190-T4;GW-MB-190
GW-MB-200-T1;GW-MB-200
GW-MB-200-T2;GW-MB-200
GW-MB-200-T3;GW-MB-200
GW-MB-200-T4;GW-MB-200
GW-EC2-15-T1;GW-EC2-15
GW-EC2-10-T2;GW-EC2-10
GW-EC2-15-T3;GW-EC2-15
GW-EC2-10-T4;GW-EC2-10
GW-EC2-20-T1;GW-EC2-20
GW-EC2-20-T2;GW-EC2-20
GW-EC2-30-T1;GW-EC2-30
GW-EC2-30-T2;GW-EC2-30
GW-EC2-30-T3;GW-EC2-30
GW-EC2-30-T4;GW-EC2-30
GW-EC2-40-T1;GW-EC2-40
GW-EC2-40-T2;GW-EC2-40
GW-EC2-40-T3;GW-EC2-40
GW-EC2-40-T4;GW-EC2-40
GW-FF1-10-T1;GW-FF1-10
GW-FF1-10-T2;GW-FF1-10
GW-FF1-20-T1;GW-FF1-20
GW-FF1-20-T2;GW-FF1-20
GW-FF2-10-T1;GW-FF2-10
GW-FF2-10-T2;GW-FF2-10
GW-FF2-20-T1;GW-FF2-20
GW-FF2-20-T2;GW-FF2-20
GW-FF2-40-T1;GW-FF2-40
GW-FF2-40-T2;GW-FF2-40
GW-FF2-40-T3;GW-FF2-40
GW-FF2-40-T4;GW-FF2-40
GW-FF2-30-T1;GW-FF2-30
GW-FF2-30-T2;GW-FF2-30
GW-INR L-10-T1;GW-INR L-10
GW-INR R-10-T1;GW-INR R-10
GW-OTR L-10-T1;GW-OTR L-10
GW-OTR L-10-T2;GW-OTR L-10
GW-OTR R-10-T1;GW-OTR R-10
GW-OTR R-10-T2;GW-OTR R-10
GW-OTR L-20-T1;GW-OTR L-20
GW-OTR R-20-T1;GW-OTR R-20
GW-BS L-10-T1;GW-BS L-10
GW-BS L-10-T2;GW-BS L-10
GW-BS L-10-T3;GW-BS L-10
GW-BS L-10-T4;GW-BS L-10
GW-BS L-10-T5;GW-BS L-10
GW-BS R-10-T1;GW-BS R-10
GW-BS R-10-T2;GW-BS R-10
GW-BS R-10-T3;GW-BS R-10
GW-BS R-10-T4;GW-BS R-10
GW-BS R-10-T5;GW-BS R-10
GW-BS L-20-T1;GW-BS L-20
GW-BS L-20-T2;GW-BS L-20
GW-BS L-20-T3;GW-BS L-20
GW-BS L-20-T4;GW-BS L-20
GW-BS L-20-T5;GW-BS L-20
GW-BS R-20-T1;GW-BS R-20
GW-BS R-20-T2;GW-BS R-20
GW-BS R-20-T3;GW-BS R-20
GW-BS R-20-T4;GW-BS R-20
GW-BS R-20-T5;GW-BS R-20
GW-BS L-30-T1;GW-BS L-30
GW-BS L-30-T2;GW-BS L-30
GW-BS L-30-T3;GW-BS L-30
GW-BS L-30-T4;GW-BS L-30
GW-BS L-30-T5;GW-BS L-30
GW-BS R-30-T1;GW-BS R-30
GW-BS R-30-T2;GW-BS R-30
GW-BS R-30-T3;GW-BS R-30
GW-BS R-30-T4;GW-BS R-30
GW-BS R-30-T5;GW-BS R-30
GW-BS L-40-T1;GW-BS L-40
GW-BS L-40-T2;GW-BS L-40
GW-BS L-40-T3;GW-BS L-40
GW-BS L-40-T4;GW-BS L-40
GW-BS R-40-T1;GW-BS R-40
GW-BS R-40-T2;GW-BS R-40
GW-BS R-40-T3;GW-BS R-40
GW-BS R-40-T4;GW-BS R-40
GW-WD L-10-T1;GW-WD L-10
GW-INR L-10-T1;GW-INR L-10
GW-INR R-10-T1;GW-INR R-10
GW-UB-20-T1;GW-UB-20
GW-UB-20-T2;GW-UB-20
GW-UB-20-T3;GW-UB-20
GW-UB-20-T4;GW-UB-20
GW-UB-40-T1;GW-UB-40
GW-UB-40-T2;GW-UB-40
GW-UB-40-T3;GW-UB-40
GW-MB-110-T1;GW-MB-110
GW-MB-110-T2;GW-MB-110
GW-MB-110-T3;GW-MB-110
GW-MB-110-T4;GW-MB-110
GW-MB-110-T5;GW-MB-110
GW-MB-110-T6;GW-MB-110
GW-MB-100-T1;GW-MB-100
GW-MB-100-T2;GW-MB-100
GW-MB-100-T3;GW-MB-100
GW-MB-100-T4;GW-MB-100
GW-MB-100-T5;GW-MB-100
GW-MB-100-T6;GW-MB-100
GW-MB-150-T2;GW-MB-150
GW-MB-150-T1;GW-MB-150
GW-MB-190-T1;GW-MB-190
GW-MB-190-T2;GW-MB-190
CA-EC1-10-T1;CA-EC1-10
CA-EC1-15-T2;CA-EC1-15
CA-EC1-20-T1;CA-EC1-20
CA-EC1-20-T2;CA-EC1-20
CA-EC1-20-T3;CA-EC1-20
CA-EC1-20-T4;CA-EC1-20
CA-EC1-30-T1;CA-EC1-30
CA-EC1-30-T2;CA-EC1-30
CA-FF1-10-T1;CA-FF1-10
CA-FF1-10-T2;CA-FF1-10
CA-FF1-20-T1;CA-FF1-20
CA-FF1-20-T2;CA-FF1-20
CA-FF1-20-T3;CA-FF1-20
CA-FF1-20-T4;CA-FF1-20
CA-FF1-30-T1;CA-FF1-30
CA-FF1-30-T2;CA-FF1-30
CA-RF1-10-T1;CA-RF1-10
CA-RF1-10-T2;CA-RF1-10
CA-RF1-20-T1;CA-RF1-20
CA-RF1-20-T2;CA-RF1-20
CA-RF1-30-T1;CA-RF1-30
CA-RF1-30-T2;CA-RF1-30
CA-RF1-30-T3;CA-RF1-30
CA-RF1-30-T4;CA-RF1-30
CA-RF1-40-T1;CA-RF1-40
CA-RF1-40-T2;CA-RF1-40
CA-RF1-40-T3;CA-RF1-40
CA-RF1-40-T4;CA-RF1-40
CA-RF1-50-T1;CA-RF1-50
CA-RF1-50-T2;CA-RF1-50
CA-RF1-50-T3;CA-RF1-50
CA-RF1-50-T4;CA-RF1-50
CA-RF1-60-T1;CA-RF1-60
CA-RF1-60-T2;CA-RF1-60
CA-HL L-10-T1;CA-HL L-10
CA-WH L-20-T1;CA-WH L-20
CA-WH L-30-T1;CA-WH L-30
CA-WH L-40-T1;CA-WH L-40
CA-HL R-10-T1;CA-HL R-10
CA-WH R-20-T1;CA-WH R-20
CA-WH R-30-T1;CA-WH R-30
CA-WH R-40-T1;CA-WH R-40
CA-BS L-10-T1;CA-BS L-10
CA-BS L-10-T2;CA-BS L-10
CA-BS L-10-T3;CA-BS L-10
CA-BS L-10-T4;CA-BS L-10
CA-BS L-10-T5;CA-BS L-10
CA-BS L-10-T6;CA-BS L-10
CA-BS L-20-T1;CA-BS L-20
CA-BS L-20-T2;CA-BS L-20
CA-BS L-20-T3;CA-BS L-20
CA-BS L-20-T4;CA-BS L-20
CA-BS L-30-T1;CA-BS L-30
CA-BS L-30-T2;CA-BS L-30
CA-BS R-10-T1;CA-BS R-10
CA-BS R-10-T2;CA-BS R-10
CA-BS R-10-T3;CA-BS R-10
CA-BS R-10-T4;CA-BS R-10
CA-BS R-10-T5;CA-BS R-10
CA-BS R-10-T6;CA-BS R-10
CA-BS R-20-T2;CA-BS R-20
CA-BS R-20-T3;CA-BS R-20
CA-BS R-20-T4;CA-BS R-20
CA-BS R-30-T1;CA-BS R-30
CA-BS R-30-T2;CA-BS R-30
CA-UB-20-T1;CA-UB-20
CA-UB-20-T2;CA-UB-20
CA-UB-20-T3;CA-UB-20
CA-UB-20-T4;CA-UB-20
CA-UB-30-T1;CA-UB-30
CA-UB-30-T2;CA-UB-30
CA-UB-40-T1;CA-UB-40
CA-UB-40-T2;CA-UB-40
CA-MB-60-T1;CA-MB-60
CA-MB-60-T2;CA-MB-60
CA-MB-60-T3;CA-MB-60
CA-MB-60-T4;CA-MB-60
CA-MB-60-T5;CA-MB-60
CA-MB-60-T6;CA-MB-60
CA-MB-80-T1;CA-MB-80
CA-MB-80-T2;CA-MB-80
CA-MB-80-T3;CA-MB-80
CA-MB-80-T4;CA-MB-80
CA-MB-80-T5;CA-MB-80
CA-MB-110-T1;CA-MB-110
CA-MB-110-T2;CA-MB-110
CA-MB-110-T3;CA-MB-110
CA-MB-110-T4;CA-MB-110
CA-MB-160-T1;CA-MB-160
CA-MB-160-T2;CA-MB-160
CA-MB-160-T3;CA-MB-160
CA-MB-160-T4;CA-MB-160
CA-MB-160-T5;CA-MB-160
CA-MB-160-T6;CA-MB-160
CA-MB-160-T7;CA-MB-160
CA-MB-160-T8;CA-MB-160
